ref,author,source,url,japanese,romaji,english,preface
"MYS I: 65","Prince Naga (?-715)長皇子","wakapoetry","http://www.wakapoetry.net/mys-i-65/","霰打　安良礼松原　住吉之　弟日娘与　見礼常不飽香聞","arare utu ararematubara sumiyosi no otoiwotome to miredo akanu kamo","Hail strikes Ararematsubara In Sumiyoshi A pleasure girl I see, yet cannot get my fill.","A poem composed by Prince Naga, on the occasion of a visit to the Naniwa Palace in Kyōun 3 [707]."
"MYS I: 54","Sakato no Hitotari坂門人足","wakapoetry","http://www.wakapoetry.net/mys-i-54/","巨勢山乃　列々椿　都良々々尓　見乍思奈　許湍乃春野乎","koseyama no turatura tubaki turatura ni mitutu sinopana kose no paruno wo","Upon Mount Kose All aligned are the camelias: Keenly Gazing at them let us recall The meadows of Kose in springtime!","A poem composed on the occasion of a vist to the province of Kii by His Majesty, the Retired Emperor, in the first year of Taihō (701)."
"MYS I: 34","Prince Kawashima川島皇子","wakapoetry","http://www.wakapoetry.net/mys-i-34/","白浪乃　濱松之枝乃　手向草　幾代左右二賀　年乃經去良武　[一云 年者經尓計武]","siranami no pamamatu ga eda no tamukegusa iku yo made ni ka tosi no penuramu","Whitecaps draw near The pine trees on the beach, branches Beribboned with travellers' prayers; How long a time Of years has gone by so, I wonder?","A poem composed by the Kawashima Prince on the occasion of an Imperial visit to the province of Kii."
"MYS I: 63","いざ子ども早く大和へ大伴の御津の濱松待ち戀ひぬらむ","wakapoetry","http://www.wakapoetry.net/mys-i-63/","去来子等　早日本邊　大伴乃　御津乃濱松　待戀奴良武","iza kodomo payaku yamato pe opotomo no mitu no pama matu matikopinuramu","Hey, now, everyone! Let’s haste back to Yamato! In Ōtomo Upon the beach at Mitsu, the pines Must long for our return&#8230;","A poem Yamanoe no Okura composed when in China, and thinking of home."
"MYS II: 141","Prince Arima 有間皇子","wakapoetry","http://www.wakapoetry.net/mys-ii-141/","磐白の浜松が枝を引き結びま幸くあらばまた帰り見む","ipasiro no pamamatu ga e wo pikimusubi masakiku araba kaperimimu","At Iwashiro, A beach-pine’s branches I draw and bind together; If fortune favours me, I’ll return to see them once more…","Two poems composed by Prince Arima, on feeling sorrowful and tying the branches of a pine tree together."
"MYS II: 143","Naga no Okimaro 長意吉麻呂","wakapoetry","http://www.wakapoetry.net/mys-ii-143/","磐代の岸の松が枝結びけむ人は帰りてまた見けむかも","ipasiro no kisi no matu ga e musubikemu pito pa kaperite mata mikemu kamo","On Iwashiro’s Shore, a pine’s branches It seems he tied &#8211; I wonder, will he return And see them once more…","Two poems composed by Naga no imiki Okimaro, grieving at the sight of the bound pine."
"MYS II: 133",,"wakapoetry","http://www.wakapoetry.net/mys-ii-133/","笹の葉はみ山もさやにさやげども我れは妹思ふ別れ來ぬれば","sasa nö pa pa mi yama mo saya ni sayagedömo ware pa imo omopu wakarekonureba","The leaves of bamboo grass All o'er the mount with silken Rustles sound, yet I dream of my darling, For I am parted from her.",
"MYS II: 146","This poem appears in the Kakinonomoto no Hitomaro Collection.","wakapoetry","http://www.wakapoetry.net/mys-ii-146/","後見むと君が結べる磐代の小松がうれをまたも見むかも","noti mimu to kimi ga musuberu ipasiro no komatu ga ure wo mata mo mimu kamo","Thinking to see it more The Prince did tie At Iwashiro Pine saplings’ tips &#8211; I wonder, will he see them more…","A poem composed on the occasion of the Imperial visit to the province of Ki in the first year of Taihō [701]."
"MYS II: 144","Naga no Okimaro 長意吉麻呂","wakapoetry","http://www.wakapoetry.net/mys-ii-144/","磐代の野中に立てる結び松心も解けずいにしへ思ほゆ","ipasiro no nonaka&nbsp; ni tateru musubimatu kokoro mo tokezu inisipe omopoyu","At Iwashiro  Amid the fields do stand  Bound pines;  My heart will not unbind,  Caught in thought of times long gone…",
"MYS II: 145","Yamanoue no Okura","wakapoetry","http://www.wakapoetry.net/mys-ii-145/","翼なすあり通ひつつ見らめども人こそ知らね松は知るらむ","tubasa nasu arigayopitutu miramedomo pito koso sirane matu pa siruramu","Bearing wings His soul does traverse the skies; The sight Means nothing to men, but The pine, alone, understands.","A poem composed later by Yamanoue no omi Okura."
"MYS II: 185",,"wakapoetry","http://www.wakapoetry.net/mys-ii-185/","水傳ふ礒の浦廻の岩つつじ茂く咲く道をまたも見むかも","minatutapu iso nö urami no ipa nö tutudi mokusaku miti wo mata mo mimu ka mo","Washed by water The rocks along the shore, With rock-azaleas Growing thick along the path Will I ever see it more?","[One of] twenty-three poems composed by His Imperial Highness, the Prince's guardsmen in their sorrow."
"MYS II: 199",,"wakapoetry","http://www.wakapoetry.net/mys-ii-199/","かけまくも　ゆゆしきかも　言はまくも　あやに畏き　明日香の　眞神の原に　ひさかたの　天つ御門を　畏くも　定めたまひて　神さぶと　磐隱ります　やすみしし　我が大君の　きこしめす　背面の國の　眞木立つ　不破山超えて　高麗劍　和射見が原の　假宮に　天降りいまして　天の下　治めたまひ　食す國を　定めたまふと　鷄が鳴く　東の國の　御いくさを　召したまひて　ちはやぶる　人を和せと　奉ろはぬ　國を治めと　皇子ながら　任けたまへば　大御身に　大刀取り佩かし　大御手に　弓取り持たし　御軍士を　率ひたまひ　整ふる　鼓の音は　雷の　聲と聞くまで　吹き鳴せる　小角の音も　敵見たる　虎か吼ゆると　諸人の　おびゆるまでに　ささげたる　幡の靡きは　冬ごもり　春さり來れば　野ごとに　つきてある火の　風の共　靡かふごとく　取り持てる　弓弭の騷き　み雪降る　冬の林に　つむじかも　い卷き渡ると　思ふまで　聞きの畏く　引き放つ　矢の繁けく　大雪の　亂れて來たれ　まつろはず　立ち向ひしも　露霜の　消なば消ぬべく　行く鳥の　爭ふはしに　渡會の　齋きの宮ゆ　神風に　い吹き惑はし　天雲を　日の目も見せず　常闇に　覆ひ賜ひて　定めてし　瑞穗の國を　神ながら　太敷きまして　やすみしし　我が大君の　天の下　申したまへば　萬代に　しかしもあらむと　木綿花の　榮ゆる時に　我が大君　皇子の御門を　神宮に　裝ひまつりて　使はしし　御門の人も　白栲の　麻衣着て　埴安の　御門の原に　あかねさす　日のことごと　獸じもの　い匍ひ伏しつつ　ぬばたまの　夕になれば　大殿を　振り放け見つつ　鶉なす　い匍ひもとほり　侍へど　侍ひえねば　春鳥の　さまよひぬれば　嘆きも　いまだ過ぎぬに　思ひも　いまだ盡きねば　言さへく　百濟の原ゆ　神葬り　葬りいませて　あさもよし　城上の宮を　常宮と　高く奉りて　神ながら　鎭まりましぬ　しかれども　我が大君の　萬代と　思ほしめして　作らしし　香具山の宮　萬代に　過ぎむと思へや　天のごと　振り放け見つつ　玉たすき　懸けて偲はむ　畏かれども","kakemaku mo yuyusiki ka mo ipamaku mo aya ni kasikoki asuka nö makamï nö para ni pisakata nö ama tu mikado wo kasikoku mo sadametamapite kamu sabu tö ipagakurimasu yasumi sisi wa ga opokimi nö kikösimesu sötömo nö kuni nö makï tatu pupa yama koete köma turugi wazami ga para nö karimiya ni amoriimasite amë nö sita wosametamapi wosu kuni wo sadametamapu tö töri ga naku aduma nö kuni nö mi-ikusa wo mesitamapite tipayaburu pitö wo yapase tö maturopanu kuni wo wosame tö miko nagara maketamapeba opomimi ni tati toripakasi opomite ni yumi törimotasi mi-ikusa wo adömopitamapi tötönöpuru tudumi nö otö pa ikaduti nö kowe tö kiku made puki naseru kuda nö otö mo ata mitaru tora ka poyuru tö moröpitö nö obiyuru made ni sasagetaru pata nö nabiki pa puyugömori paru sarikureba no götö ni tukite aru pï nö kaze nö muta nabikapu götöku törimoteru yupazu nö sawagi mi-yuki puru puyu nö payasi ni tumuzi ka mo imakiwataru tö omopu made kiki nö kasikoku pikipanatu ya nö sigeku opo-yuki nö midarete kitare maturopazu tatimukapisi mo tuyu simo nö kenaba kenubëku yuku töri nö arasopu pasi ni watarapi nö ituki nö miya yu kamukaze ni i pukimadopasi ama kumo wo pi nö me mo misezu tököyamï ni opopitamapite sadametesi midupo nö kuni wo kamu nagara puto sikimasite yasumi sisi wa ga opokimi nö am&amp;ieuml; nö sita mawositamapeba yöröduyö ni sikasi mo aramu tö yupu pana nö sakayuru töki ni wa ga opokimi miko nö mikado wo kamumiya ni yösöpimaturite tukapasisi mikado nö pitö mo sirotapë nö asagörömo kite paniyasu nö mikado nö para ni akane sasu pi nö kötögötö sisizi monö ipapi pusitutu nubatama nö yupupe ni nareba opotönö wo purisake mitutu udura nasu, ipapi motöpori samorapedö samorapieneba paru töri nö samayopinureba nagëki mo imada suginu ni omopi mo imada tukineba kötö sapeku kudara nö para yu kamupaburi paburiimasete asa mo yösi kinope nö miya wo tökömiya tö takakumaturite kamu nagara sidumarimasinu sikaredömo wa ga opokimi nö yöröduyö tö oposimesite tukurasisi kagu yama nö miya yöröduyö ni sugimu tö omope ya amë nö götö purisake mitutu tama tasuki kakete sinopamu kasikoku aredömo","I do speak these words, though They may profane what's holy; I speak them Filled with awe: At Asuka, On the field of Makami, Our eternal, Divine Emperor, Awesome, Decided, As would a god, To rest within stone halls. All knowing and all powerful, Our Emperor Ruled The northern provinces. Wooded Fuwa mountain crossing, To Koryo-bladed, Wazami field, To a new palace He came down from heaven; The state, He governed; The land, he ruled. That was his decision. From the cock-crowing Eastern provinces, His warriors He called. &#8220;The rough Folk, pacify; and The unruly Lands, control,&#8221; said he to His son, my prince, And fitting to that state. To your mighty body, You strapped your sword; In your hand, You held your bow; Your warriors, You summoned: The call to arms Drums' roar The thunder Spoke; The sounding of The battle horns were as At the foe A tiger roaring. Many folk Were thus struck with fear. High flying Banners snapping? Buried in winter, With the spring The fields Are set ablaze; Fire with the wind Blows back and forth? Held, The snap of bowstrings: As a snow-covered Winter woodland Rent by a whirlwind, Twisting round and over, It sounded, Terrifying: Loosing, shooting A multitude of arrows, A blizzard, Confused and falling; The unruly Foe stood fast As dew and frost, &#8220;If we die then so be it!&#8221; Like flocking birds. Then amidst the battle, From Watarai, From the holy shrine, The gods' own wind Blew down confusion, Heaven's clouds, Hid the sunlight; Utter darkness Covered all, And overwhelmed them. In this Land of Bounteous Grain My prince was a god, Ruling Every corner; My great prince The state, Commanded; For a myriad reigns It would be so, we thought; But when bright as mulberry-cloth flowers He flourished, My dear prince, His palace, As a god's shrine, Was garlanded and He was laid within; The prince's servants White hempen Mourning dress put on; At Haniyasu, On the field before the palace, Glowing madder red The sunlight; Like beasts, They trailed in and laid them down; With lily seed Dusk's arrival, On the great hall They fixed their gaze; As peeping quail, Crawled they on their bellies. They served you but, Now there is no point: As birds of spring, They moaned; Our grieving too Is not yet done; Our sorrow too Is not exhausted; Mangled words From the field of Kudara In a god's funeral We interred you. As goodly flax, Your shrine at Kinoe: An eternal palace, Built high for you. As a god Are you enshrined. Though that be so, My great prince, Would live a myriad years, I thought. You had built A palace at Mt Kagu. For a myriad years There you would endure, I thought. As does the sky, It fills my gaze, A jeweled sash Holding my thoughts Full of awe.","A poem composed by Hitomaro, Lord Kakinomoto, when Prince Takechi was lying in state at Kinoe."
"MYS II: 217",,"wakapoetry","http://www.wakapoetry.net/mys-ii-217/","秋山の　したへる妹　なよ竹の　とをよる子らは　いかさまに　思ひ居れか　栲繩の　長き命を　露こそば　朝に置きて　夕は　消ゆといへ　霧こそば　夕に立ちて　朝は　失すといへ　梓弓　音聞く我れも　おほに見し　こと悔しきを　敷栲の　手枕まきて　劍太刀　身に添へ寢けむ　若草の　その嬬の子は　寂しみか　思ひて寢らむ　悔しみか　思ひ戀ふらむ　時ならず　過ぎにし子らが　朝露のごと　夕霧のごと","akiyama nö sitaperu imo nayotakë nö töwoyöru kora pa ikasama ni omopiwore ka takunapa nö nagaki inöti wo tuyu kösö ba asita ni okite yupupe pa kiyu tö ipe kiri kösö ba yupupe ni tatite asita ni pa usu tö ipe adusa yumi otö kiku ware mo opo ni misi kötö kuyasiki wo sikitapë nö tamakura makite turugi tati mï ni sope nekemu wakakusa nö sono tuma nö ko pa sabusimi ka omopite nuramu kuyasimi ka omopi kopuramu töki narazu sugi ni si kora ga asa tuyu nö götö yupugiri nö götö","As autumn mountains Tinged with scarlet were you, maiden, A pliable bamboo, Supply bending, lady, Of what Were you thinking? A rope of hemp Should stretch your life long; The dew Falls with the morning And with the evening Vanishes, 'tis said; The mist Rises with the evening And with the morn Is lost, 'tis said; As a catalpa bow, The rumours, I, too, heard them, and Saw you only briefly. How sad: As folded linen, Pillowed on your arm, A well-honed sword, His body by yours in sleep, As young grass, Is your husband. How lonely must he be ? With thoughts of you will he sleep, Grieving; Fondly feeling, It was not your time, And you are gone, oh lady, As is the morning dew, As is the evening mist.","A poem composed by Hitomaro, Lord Kakinomoto on the death of a lady-in-waiting from Tsu in Kibi."
"MYS III: 257",,"wakapoetry","http://www.wakapoetry.net/mys-iii-257/","天之芳来山　霞立　春尓至婆　松風尓　池浪立而　櫻花　木乃晩茂尓　奥邊波　鴨妻喚　邊津方尓　味村左和伎　百礒城之　大宮人乃　退出而　遊船尓波　梶棹毛　無而不樂毛　己具人奈四二","amorituku ame no kaguyama kiri tatu paru ni itareba matukaze ni ikenami tatite sakurabana ko no kuresige ni okipe ni pa kamo tuma yobapi petupe ni adi murasawagi momosiki no opomiyabito no makaridete asobu pune ni pa kadisawo mo nakute sabusi mo kogu pito nasi ni","Descended from heaven is Sacred Mount Kagu where Mists arise When the spring does come, The wind through the pines Raises waves from pond waters, and Cherry blossom’s Profusion shades the trees, while Out in the offing, Ducks call for a mate and On the shore Teals flock noisily; Hundredfold, The palace folk were wont to Travel out On pleasure boats, but Oars and poles Are there none—so sad— For there’s not a soul to row them…","A poem on Mount Kagu by Kamo no Taruhito."
"MYS III: 324","Yamabe no Akahito 山部赤人","wakapoetry","http://www.wakapoetry.net/mys-iii-324/","みもろの　神なび山に　五百枝さし　しじに生ひたる　栂の木の　いや継ぎ継ぎに　玉葛　絶ゆることなく　ありつつも　やまず通はむ　明日香の　古き都は　山高み　川とほしろし　春の日は　山し見がほし　秋の夜は　川しさやけし　朝雲に　鶴は乱れ　夕霧に　かはづは騒く　見るごとに　音のみし泣かゆ　いにしへ思へば","mimoro no kamunabi yama ni iope sasi sidi ni opitaru tuga no ki no iya tugitugi ni tamakadura tayuru koto naku aritutu mo yamazu kayopamu asuka no puruki miyako pa yama takami kawa toposirosi paru no pi pa yama si migaposi aki no yo pa kapa si sayakesi asagumo ni tadu pa midare yupugiri ni kawadu wa sawagu miru goto ni ne nomi si nakayu inisie omopeba","On the sacred Mountain of the Gods With many branches Flourishing grow Hemlock trees, All and ever joined with Hydrangea Never-ending Always there Ever would I be In Asuka, The ancient capital, where Mountains mighty and Rivers grand do lie, and On spring days It is the mountains I would see; On autumn nights The river, so refreshing! Amongst the morning clouds The cranes do swoop and soar; The evening mists Are noisy with the frogs; The simple sights Call forth my tears While I think on times gone by…","A poem composed Yamabe no Akahito  when he climbed Kamioka."
"MYS III: 379","Lady Ōtomo of Sakanoue 大伴坂上郎女","wakapoetry","http://www.wakapoetry.net/mys-iii-379/","ひさかたの　天の原より　生れ來る　神の命　奧山の　賢木の枝に　しらか付く　木綿取り付けて　齋瓮を　齋ひ掘り据ゑ　竹玉を　繁に貫き垂れ　獸じもの　膝折り伏して　たわや女の　襲取り懸け　かくだにも　我れは祈ひなむ　君に逢はじかも","pisakata nö ama nö para yori arekitaru kamï nö mikötö okuyama nö sakakï nö eda ni siraka tuku yupu toritukete ipapipe wo ipapiporisuwe takatama wo sidi ni nukitare sisidi monö piza woripusite tawayame nö osupi torikake kaku dani mo are pa kopinamu kimi ni apadi ka mo","On eternal Heaven's field Were born The mighty gods: From deep within the mountains Comes the branch of sakaki, sacred tree, Pure white Mulberry cloth I tie upon it; Sacred jars, I bury in the earth; Bamboo discs I string close together, and As a beast On bended knee, prostrate myself; A gentle maiden's Stole upon me, And in this way Do I pray; But still I may not meet him.","A poem, with tanka, with which Lady Ōtomo of Sakanoue worships the gods."
"MYS IV: 588","Lady Kasa","wakapoetry","http://www.wakapoetry.net/mys-iv-588/","白鳥の鳥羽山松の待ちつつそ我が戀ひわたるこの月ごろを","siratori no tobayama matu no matitutu so a ga kopiwataru kono tsukigoro wo","As a white dove on Toba Mountain’s pines Awaiting: Have I loved you These many months…","[One of ] twenty-four poems sent by Lady Kasa to Ōtomo no Yakamochi."
"MYS V: 824","Junior Secretary Aji no Okishima 少監阿氏奥島","wakapoetry","http://www.wakapoetry.net/mys-v-824/","梅の花散らまく惜しみ我が園の竹の林に鴬鳴くも","ume no pana tiramaku wosimi wa ga sono no take no payasi ni ugupisu naku kamo","The plum blossom Will scatter, so full of regret In my garden’s Bamboo grove Does the warbler cry.",
"MYS VI: 971","Shun’e 俊恵","wakapoetry","http://www.wakapoetry.net/mys-vi-971/","白雲の　龍田の山の　露霜に　色づく時に　うち越えて　旅行く君は　五百重山　い行きさくみ　敵守る　筑紫に至り　山のそき　野のそき見よと　伴の部を　班ち遣はし　山彦の　答へむ極み　たにぐくの　さ渡る極み　国形を　見したまひて　冬こもり　春さりゆかば　飛ぶ鳥の　早く来まさね　龍田道の　岡辺の道に　丹つつじの　にほはむ時の　桜花　咲きなむ時に　山たづの　迎へ参ゐ出む　君が来まさば","sira kumo no tatuta no yama no tuyusimo ni iroduku toki ni utikoete tabi yuku kimi pa ipopeyama iyukisakumi adamamoru tukusi ni itari yamanosoki no nosoki miyo to tomo no be wo akati tukapasi yamabiko no kotapemu kipami taniguku no sawataru kipami kunikata wo misitamapite puyugomori paru sariyukaba tobu tori no payaku kimasane tatsutadi no wokabe no miti ni nitutuzi no nipopamu toki no sakurabana sakinamu toki ni yamatadu no mukaemawidemu kimi ga kimasaba","Clouds of white On Tatsuta Mountain When the frosty dewfall Shades it, Across it You will go, my Lord, Many mountains Passing, and At foe-warding Tsukushi arrive; On the mountains end, On the plains end, gazing; Sentry squads Dividing for despatch; Echoes from the mountains' Bounds, Toad Testing limits Of the land A’viewing; Sealed in winter, then When spring comes once more As a soaring bird Swiftly return! When upon the trails of Tatsuta Upon the hillside paths Ochre azaleas Bloom brightly; When cherry blossom Blooms, Bearing elder flowers Will we come to greet you! Should you come home again…","A poem composed on the 17th day of the Eighth Month Tempyō 4 by Takahashi no Mushimaro, when Fujiwara no Umakai was sent into the west to inspect the military forces there."
"MYS VI: 990","Ki no Shikahito紀鹿人","wakapoetry","http://www.wakapoetry.net/mys-vi-990/","茂岡に神さび立ちて栄えたる千代松の木の年の知らなく","sigewoka ni  kamusabi tatite  sakaetaru  tiyo matu no ki no  tosi no siranaku","In Shigeoka  Divinely stands  Flourishing  A pine for a thousand generations  All unknowing of the passing years.","A poem on a pine tree in Shigeoka in Atomi, by Ki no Shikahito"
"MYS VII: 1188","Anonymous","wakapoetry","http://www.wakapoetry.net/mys-vii-1188/","On travel.山超而　遠津之濱之　石管自　迄吾来　含而有待","yama koete topotu no pama no ipatutudi wa ga kuru made ni pupumite mate","I cross the mountains, and Reach a distant shore; O, azalea on the crags, Until I do arrive Remain within your buds and wait for me!",
"MYS VII: 1412",,"wakapoetry","http://www.wakapoetry.net/mys-vii-1412/","我が背子をいづち行かめとさき竹のそがひに寝しく今し悔しも","wa ga seko wo iduti yukame to sakitake no sogapi ni nesiku ima si kuyasimo","My darling man Where could he go, I thought, so As split bamboo We slept back-to-back, And now I am distraught…",
"MYS VIII: 1418","Prince Shiki (? &#8211; 716)志貴皇子","wakapoetry","http://www.wakapoetry.net/mys-viii-1418/","石走る垂水の上のさわらびの萌え出づる春になりにけるかも","ipabasiru tarumi no upe no sawarabi no moeiduru paru ni narinikeru kamo","Rock-running, The cataracts, and beside them Flower-fern Has put forth shoots: spring Is here, indeed!","A poem composed by Prince Shiki."
"MYS X: 1869","Anonymous","wakapoetry","http://www.wakapoetry.net/mys-x-1869/","春雨に争ひかねて我が宿の櫻の花は咲きそめにけり","parusame ni arasopikanete wa ga yado no sakura no pana pa sakisomenikeri","The spring rains Fall so swiftly: At my dwelling The cherry blossom Has begun to bloom.","Composed on blossom."
"MYS X: 2314","まきむくのひはらもいまだくもゐねばこまつがうれゆあわゆきながる","wakapoetry","http://www.wakapoetry.net/mys-x-2314/","巻向之　檜原毛未　雲居者　子松之末由　沫雪流","makimuku no pibara mo imada kumowineba komatu ga ure yu apayuki nagaru","In Makimuku The cypress groves are as yet Untouched by cloud, but From the dwarf-pines’ tops Snow spume oes run.",
"MYS XIII: 3305",,"wakapoetry","http://www.wakapoetry.net/mys-xiii-3305/","物不念　道行去毛　青山乎　振放見者　茵花　香未通女　桜花　盛未通女　汝乎曽母　吾丹依云　吾　毛曽　汝丹依云　荒山毛　人師依者　余所　留跡序云　汝心勤","mono’omowazu michi yukuyuku mo aoyama o furisakemireba tsutsujibana nioe otome sakurabana hae otome nare o somo ware ni yosu to iu ware o mo nare ni yosu to iu arayama mo hito shi yosureba yosuru to zo iu na ga kokoroyume","Unburdened by gloomy thoughts Along the path I went on and on, To the green-growing mountain,  When in the distance I saw An azalea Fair bright maiden, A cherry blossom Glorious maiden: O, you, truly Give your heart to me; And I, too, Will give my heart to you; Upon the wild mountain Folk give their hearts To one another, so Never will I abandon you!","A question and response poem."
"MYS XIX: 4188",,"wakapoetry","http://www.wakapoetry.net/mys-xix-4188/","藤波の花の盛りにかくしこそ浦漕ぎ廻つつ年に偲はめ","pudinami no pana no sakari ni kakusi koso ura kogimitutu tosi ni sinopame","Wisteria in waves Does bloom in profusion, Just so Into this bay let’s row And enjoy it every year!","A poem composed on the 6th day when enjoy ing the view of the sea at Fuse."
"MYS XIX: 4199","Ōtomo no Yakamochi 大伴家持","wakapoetry","http://www.wakapoetry.net/mys-xix-4199/","藤波の影なす海の底清み沈く石をも玉とぞ我が見る","pudi nami no kage nasu umi no soko kiyomi siduku isi wo mo tama zo zo wa ga miru","Wisteria waves Reflected on the waters, So clear, that The sunked pebbles Seem like gems to me.",
"MYS XIX: 4291",,"wakapoetry","http://www.wakapoetry.net/mys-xix-4291/","我が宿のい笹群竹吹く風の音のかそけきこの夕かも","wa ga yado nö isasa mura takë puku kaze nö otö nö kasokëki könö yupube ka mo","Around my home Through the little bamboo grove The gusting wind Blows faintly On this evening.",
"MYS XVI: 3791",,"wakapoetry","http://www.wakapoetry.net/mys-xvi-3791/","みどり子の　若子髪には　たらちし　母に抱かえ　ひむつきの　稚児が髪には　木綿肩衣　純裏に縫ひ着　頚つきの　童髪には　結ひはたの　袖つけ衣　着し我れを　丹よれる　子らがよちには　蜷の腸　か黒し髪を　ま櫛持ち　ここにかき垂れ　取り束ね　上げても巻きみ　解き乱り　童になしみ　さ丹つかふ　色になつける　紫の　大綾の衣　住吉の　遠里小野の　ま榛持ち　にほほし衣に　高麗錦　紐に縫ひつけ　刺部重部　なみ重ね着て　打麻やし　麻績の子ら　あり衣の　財の子らが　打ちし栲　延へて織る布　日さらしの　麻手作りを　信巾裳成者之寸丹取為支屋所経　稲置娘子が　妻どふと　我れにおこせし　彼方の　二綾下沓　飛ぶ鳥　明日香壮士が　長雨禁へ　縫ひし黒沓　さし履きて　庭にたたずみ　退けな立ち　禁娘子が　ほの聞きて　我れにおこせし　水縹の　絹の帯を　引き帯なす　韓帯に取らせ　わたつみの　殿の甍に　飛び翔ける　すがるのごとき　腰細に　取り装ほひ　まそ鏡　取り並め懸けて　おのが顔　かへらひ見つつ　春さりて　野辺を廻れば　おもしろみ　我れを思へか　さ野つ鳥　来鳴き翔らふ　秋さりて　山辺を行けば　なつかしと　我れを思へか　天雲も　行きたなびく　かへり立ち　道を来れば　うちひさす　宮女　さす竹の　舎人壮士も　忍ぶらひ　かへらひ見つつ　誰が子ぞとや　思はえてある　如是所為故為　いにしへ　ささきし我れや　はしきやし　今日やも子らに　いさにとや　思はえてある　如是所為故為　いにしへの　賢しき人も　後の世の　鑑にせむと　老人を　送りし車　持ち帰りけり　持ち帰りけり","midorigo no wagikogami ni pa taratisi papa ni mudakape pimutuki no papukogami ni pa yupukataginu pitura ni nupiki unatuki no warapagami ni pa yupata no sodetukegoromo kisi ware wo niopiyoru kora ga yoti ni pa mina no wata kagurosikami o makusi moti koko ni kakitare toritukane agetemo makimi tokimidare warapa ni nasimi sani turapu iro natukasiki murasaki no opoaya no kinu sumi no e no toposato wono no mahari moti nipoposi kinu ni koma nisiki pimo ni nupituke ***** namikasanekite utisoyasi omi no kora arikinu no takara no kora ga ututape pa pete oru nuno pizarasi no asa tedukuri wo ***** ******* ***** inaki wotome ga tumadopu to ware ni okosesi otikata no puta ayasitagutu tobu tori no asuka wotoko ga nagame imi nupisi kurogutu sasipakite nipa ni tatadume makari na tati to sapuru wotome ga ponokikite ware ni okosesi miwapada no kinu no obi wo pikiobinasu karaobi ni torase watatumi no tono no iraka ni tobikakeru sugaru no gotoki kosiboso ni toriyosopopi masokagami torinamekakete wono ga nari kaperapi mitutu paru sarite nope wo megureba omosiromi ware wo omope ka sano tu tori kinaki kakerapu aki sarite yamape wo yukeba natukasi to ware o omope ka amakumo mo yukitanabiku kaperitati miti wo kureba utipisasu miyawomina sasutake no toneri wotoko mo sinoburapi kaperapimitutu ta ga ko sotoya omowapetearu ******* inisipe sasakisi ware ya pasikiyasi kepu ya mo kora ni isanitoya omowapetearu ******* inisipe no sakasiki pito mo noti no yo no kagami ni semu to oipito o okurisii kuruma motikaperi motikaperi","As a babe with Downy hair I was By my droop-breasted Mother cradled, and then Wrapped in swaddling, with My locks new grown; then In common mulberry garb Sewn back and front, was dressed; When to my neck hung My infant hair, In tie-dyed Garb with sleeves Was I dressed; Radiant Is your beauty: Snail-gut Pure black tresses Carefully combed Drape down; Gathered all together and Lifted up, entwined In artful disarry On either side; Ruddy-cheeked Hues do charm me, Violet Broad-patterned robes, in Sumiyoshi’s Distant villages and meadows, Dyed with alder Hues your garb; Of fine brocade Is your belt embroidered ***** Worn one atop the other; As softened hemp are, The spinner-maids, Well-dressed, Jewel maidens; Soft-beaten mulberry Makes the weft for weaving; Sun-dried Hemp, hand-made ***** ******* ***** Country maidens, Husband seeking, Have sent to me From distant lands Twin-coloured socks; A soaring bird A man from Asuka Confined by the rain Has sewn black socks; He pulls them on and Goes into the garden, ‘Don’t leave!’ cries A maiden that I faintly hear; I was sent A sky-blue Belt of silk, To fasten o’er my robe, A belt from Cathay From the Sea-King’s Palace rooftops Take flight Like wasps So slim my waist I take it, and put it on; Clear mirrors I stand before me, and My own reflection See repeated time and time again; In the springtime, I went round the meadows, Handsome Did they think me? The meadow-birds Come flying for to sing for me; In the autumn When I went to the mountains, Fondly Did they think of me? Heaven’s clouds Drifting across; On my homeward Path I found As shining sunlight A palace lady; Bamboo-straight The guards in attendance, too, Secretly Looked back on her, Who was she and wither bound We wondered. ******* It was long ago that I had fortune; And so, and so Today, are you Real or not I wonder. ******* Those who long ago Had fortune, too, For the world to come Should take as a model An old man’s Cart and Take it home! Yes, take it home!","In ancient times, there was an old man. His name was Bamboo Cutting Ancient (takatori no okina). In the Third Month, this old man climbed a hill to gaze into the distance, whereupon he suddenly came upon nine maidens brewing fresh greens. Their beauty was beyond description, with faces fairer by far than flowers. The maidens called mockingly to the old man, “Come here, old fellow! Blow on our fire!” “Oho!” said the Old Man, and slowly made his way up to them, arriving close by in due course. After a while, the Maidens said to one another, laughing, “Who called this old man here?” The Bamboo Cutting Ancient replied quickly, “Unintentionally have I encountered divinity. In my confused heart, I had no ill intent. Let me pay for the sin of approaching too closely with a poem.” This is the poem he promptly composed."
"MYS XVI: 3834",,"wakapoetry","http://www.wakapoetry.net/mys-xvi-3834/","梨棗黍に粟つぎ延ふ葛の後も逢はむと葵花咲く","nasi natume kimi ni apatugi papu kudu no noti mo apamu to apupi pana saku","As for pear and jujube and Millet, too, do I long to meet you; As trailing kudzu parts and Meets again, so on The day we meet will hollyhocks bloom.","A poem composed by someone unknown."
"MYS XVII: 3890","The above poem is by Isomori, Lord Mino.","wakapoetry","http://www.wakapoetry.net/mys-xvii-3890/","我が背子を吾が松原よ見わたせば海人娘子ども玉藻刈る見ゆ","wa ga seko wo a ga matubara yo miwataseba amawotömedömo tamamo karu miyu","My friend, I pine and from this field Gaze out upon The diver girls Seeing them cutting jewelled seaweed.","In the winter, Eleventh Month, 2nd year of Tempyō, the Governor-General of the Dazifu, Lord Ōtomo, was made a Major Councillor concurrently with his position as Governor-General; on his return to the capital, his retainers set sail and returned to the capital with him. Here are ten poems they composed in their sensitivity, suffering from the hardships of the journey."
"MYS XVII: 3899",,"wakapoetry","http://www.wakapoetry.net/mys-xvii-3899/","海人娘子漁り焚く火のおぼほしく角の松原思ほゆるかも","amawotöme izari taku pï nö oboposiku tuno nö matubara omopoyuru ka mo","The diver girls Kindled fishing fires Are faint As is Matsubara in Tsuno Within my thoughts.",
"MYS XX: 4431","笹が葉のさやぐ霜夜に七重着る衣に增せる子ろが肌はも","wakapoetry","http://www.wakapoetry.net/mys-xx-4431/","佐左賀波乃　佐也久志毛用尓　奈奈弁加流　去呂毛尓麻世流　古侶賀波太波毛","sasa ga pa nö sayagu simo yo ni nana pe karu körömo ni maseru körö ga pada pa mo","The leaves of bamboo grass Rustle on this frosty night; Wearing sevenfold Garments cannot compare To my darling's skin.",